目录,文件名,说明
上海美食图片,shanghai-dumplings.jpg,上海饺子
上海美食图片,shanghai-night-market.jpg,上海夜市
上海美食图片,shanghai-noodles.jpg,上海面条
上海美食图片,shanghai-shengjian.jpg,上海生煎
上海美食图片,shanghai-xiaolongbao.jpg,上海小笼包
浦江万达美食图片,亲子乐园/,亲子乐园目录
浦江万达美食图片,大章鸽_滴汁脆皮乳鸽.jpg,大章鸽 - 滴汁脆皮乳鸽
浦江万达美食图片,大章鸽_菜品2.jpg,大章鸽 - 菜品2
浦江万达美食图片,大章鸽_菜品3.jpg,大章鸽 - 菜品3
浦江万达美食图片,大章鸽_菜品4.jpg,大章鸽 - 菜品4
浦江万达美食图片,大章鸽_菜品5.jpg,大章鸽 - 菜品5
浦江万达美食图片,温暖你的猪_剁椒鱼头.jpg,温暖你的猪 - 剁椒鱼头
浦江万达美食图片,温暖你的猪_小炒黄牛肉.jpg,温暖你的猪 - 小炒黄牛肉
浦江万达美食图片,温暖你的猪_菜品3.jpg,温暖你的猪 - 菜品3
浦江万达美食图片,温暖你的猪_菜品4.jpg,温暖你的猪 - 菜品4
浦江万达美食图片,温暖你的猪_菜品5.jpg,温暖你的猪 - 菜品5
